CREATE DATABASE ecommerce;
USE ecommerce;

CREATE TABLE products(
id INT PRIMARY KEY AUTO_INCREMENT,
product_name VARCHAR (255),
description VARCHAR (255),
price INT,
image VARCHAR (255),
light VARCHAR (200)
);

INSERT INTO products(product_name, description, price, image, light)
VALUES ('Scindapsis Pictus',
'A pothos family trailing vine that grows well in low to medium light.',
10,'./images/scindapsis.jpeg','Medium Light'),
('Monstera Deliciosa','The popular monstera is a fast grower that likes indirect light.',
20,'./images/monstera.jpeg','Bright Light'),
('ZZ','The ZZ is a great plant if you have low light conditions.',
10,'./images/zz.jpeg', 'Low Light'),
('Sansevieria','Sansevieria also known as a snake plant does well in low light conditions.',
10, './images/snake.jpeg', 'Low Light'),
('Alocasia','Fast grower when given bright indirect light and high humidity.',
20,'./images/alocasia.jpeg','Bright Light'),
('Philodendron Birkin','Part of the philodendron family the birkin grows in bright indirect light.',
25,'./images/birkin.jpeg', 'Bright Light'),
('Rhaphidophora Tetrasperma','Also known as the mini monstera is a trailing plant that does well in medium to bright light',
15,'./images/minimonstera.jpeg','Bright Light'),
( 'Moonshine Sansevieria','Part of the Sanseviera family the moonshine has light green leaves, does well in low light.',
18,'./images/moonshine.jpeg', 'Medium Light'),
('Monstera Adansonii','A trailing vine that develops holes within the leave to make sure the bottom leaves recieve enough light.',
10,'/images/adansonii.jpeg', 'Bright Light'),
('Monstera Cutting','A big leaf cutting from the Monstera Deliciosa plant.',
8,'./images/monsteracutting.jpeg', 'Bright Light'),
('Air Plant','An air plant that needs no soil to grow just water every 2 weeks from the bottom.',
20,'./images/airplant.jpeg', 'Medium Light'),
('Pilea Peperomiodes','A plant that grows many babies that are easy to propagate, does well in medium light.',
10,'./images/pilea.jpeg', 'Bright Light'),
('Varigated Burle Marx Cutting','Climbing burle marx with high varigation from mother plant, multiple nodes to propogate.',
30,'./images/burle.jpeg', 'Bright Light'),
('Philodendron Squamiferum','Part of the philodendron family known as the hairy philodendron likes indirect bright light with high humidity.',
50,'./images/squamiferum.jpeg', 'Bright Light'),
('Monstera Albo','A monstera deliciosa that has varigation that comes through even more with good indirect bright light.',
200,'./images/albo.jpeg', 'Bright Light'),
('White Princess','A philodrendron with white varigation that produces more with bright indirect lighting.',
100,'./images/whiteprincess.jpeg', 'Bright Light'),
('Philodendron Verrucosum','From the philodendron family this plant loves humidity and bright indirect light.',
60,'./images/verrucosum.jpeg', 'Bright Light'),
('Philodendron Red Cherry','Known as the red cherry for its leaves that push out red then eventually turn green.',
30,'./images/redcherry.jpeg', 'Medium Light'),
('Monstera Albo cutting','A cutting with two big leaves and active nodes that are easy to propagate comes from a half moon.',
80,'./images/albocutting.jpeg', 'Bright Light'),
('Pink Princess','A philodrendron that produces pink variagation on leaves. High humidity and bright indirect light.',
100,'./images/pinkprincess.jpeg', 'Bright Light'),
('Thai Constellation','A varigated thai constellation cutting extrememly rare, multiple growth points and nodes.',
100,'./images/thaicon.jpeg', 'Bright Light'),
('Syngonium Albo Cutting','From the syngonium family this cutting comes from a highly varigated mom. Three leaves with multiple nodes.',
25,'./images/syngoiumalbo.jpeg', 'Bright Light'),
('Pink Princess','A smaller pink princess with two new growth points and good root system.',
40,'./images/pinkprincesssmall.jpeg', 'Bright Light'),
('Syngonium Mojito','From the syngonium family this cutting comes from a highly varigated mom. Four leaves with multiple nodes.',
25,'./images/syngoniummojito.jpeg', 'Bright Light');



CREATE TABLE plants(
id INT PRIMARY KEY AUTO_INCREMENT,
product_name VARCHAR (255),
description VARCHAR (255),
price INT,
image VARCHAR (255),
light VARCHAR (200)
);

INSERT INTO plants(product_name, description, price, image, light)
VALUES ('Scindapsis Pictus',
'A pothos family trailing vine that grows well in low to medium light.',
10,'./images/scindapsis.jpeg','Medium Light'),
('Monstera Deliciosa','The popular monstera is a fast grower that likes indirect light.',
20,'./images/monstera.jpeg','Bright Light'),
('ZZ','The ZZ is a great plant if you have low light conditions.',
10,'./images/zz.jpeg', 'Low Light'),
('Sansevieria','Sansevieria also known as a snake plant does well in low light conditions.',
10, './images/snake.jpeg', 'Low Light'),
('Alocasia','Fast grower when given bright indirect light and high humidity.',
20,'./images/alocasia.jpeg','Bright Light'),
('Philodendron Birkin','Part of the philodendron family the birkin grows in bright indirect light.',
25,'./images/birkin.jpeg', 'Bright Light'),
('Rhaphidophora Tetrasperma','Also known as the mini monstera is a trailing plant that does well in medium to bright light',
15,'./images/minimonstera.jpeg','Bright Light'),
( 'Moonshine Sansevieria','Part of the Sanseviera family the moonshine has light green leaves, does well in low light.',
18,'./images/moonshine.jpeg', 'Medium Light'),
('Monstera Adansonii','A trailing vine that develops holes within the leave to make sure the bottom leaves recieve enough light.',
10,'/images/adansonii.jpeg', 'Bright Light'),
('Monstera Cutting','A big leaf cutting from the Monstera Deliciosa plant.',
8,'./images/monsteracutting.jpeg', 'Bright Light'),
('Air Plant','An air plant that needs no soil to grow just water every 2 weeks from the bottom.',
20,'./images/airplant.jpeg', 'Medium Light'),
('Pilea Peperomiodes','A plant that grows many babies that are easy to propagate, does well in medium light.',
10,'./images/pilea.jpeg', 'Bright Light');

CREATE TABLE rare(
id INT PRIMARY KEY AUTO_INCREMENT,
product_name VARCHAR (255),
description VARCHAR (255),
price INT,
image VARCHAR (255),
light VARCHAR (200)
);

INSERT INTO rare (product_name, description, price, image,light)
VALUES ('Varigated Burle Marx Cutting','Climbing burle marx with high varigation from mother plant, multiple nodes to propogate.',
30,'./images/burle.jpeg', 'Bright Light'),
('Philodendron Squamiferum','Part of the philodendron family known as the hairy philodendron likes indirect bright light with high humidity.',
50,'./images/squamiferum.jpeg', 'Bright Light'),
('Monstera Albo','A monstera deliciosa that has varigation that comes through even more with good indirect bright light.',
200,'./images/albo.jpeg', 'Bright Light'),
('White Princess','A philodrendron with white varigation that produces more with bright indirect lighting.',
100,'./images/whiteprincess.jpeg', 'Bright Light'),
('Philodendron Verrucosum','From the philodendron family this plant loves humidity and bright indirect light.',
60,'./images/verrucosum.jpeg', 'Bright Light'),
('Philodendron Red Cherry','Known as the red cherry for its leaves that push out red then eventually turn green.',
30,'./images/redcherry.jpeg', 'Medium Light'),
('Monstera Albo cutting','A cutting with two big leaves and active nodes that are easy to propagate comes from a half moon.',
80,'./images/albocutting.jpeg', 'Bright Light'),
('Pink Princess','A philodrendron that produces pink variagation on leaves. High humidity and bright indirect light.',
100,'./images/pinkprincess.jpeg', 'Bright Light'),
('Thai Constellation','A varigated thai constellation cutting extrememly rare, multiple growth points and nodes.',
100,'./images/thaicon.jpeg', 'Bright Light'),
('Syngonium Albo Cutting','From the syngonium family this cutting comes from a highly varigated mom. Three leaves with multiple nodes.',
25,'./images/syngoiumalbo.jpeg', 'Bright Light'),
('Pink Princess','A smaller pink princess with two new growth points and good root system.',
40,'./images/pinkprincesssmall.jpeg', 'Bright Light'),
('Syngonium Mojito','From the syngonium family this cutting comes from a highly varigated mom. Four leaves with multiple nodes.',
25,'./images/syngoniummojito.jpeg', 'Bright Light');
